koda,odhod_dan,cas_letenja,odhod_letalisce,prihod_letalisce
1,2019-07-15,9:11,WMI,MTM
2,2019-10-13,14:27,WTA,HSK
3,2019-06-27,8:07,BED,YER
4,2020-01-02,13:01,YOG,YCE
5,2019-07-04,15:17,ENY,FKI
6,2019-06-09,11:32,ATM,HSL
7,2019-07-29,13:41,INN,DYG
8,2019-09-10,4:31,FGU,KWG
9,2019-10-31,3:50,YYZ,GML
10,2019-03-01,6:36,RKV,YFO
11,2019-07-28,1:14,ATQ,FHU
12,2019-12-07,12:42,YBK,GCI
13,2019-04-11,12:54,TGR,YWB
14,2020-01-11,2:11,WDH,YKZ
15,2019-11-15,6:44,RGI,RCY
16,2019-05-12,16:51,MQN,KHN
17,2019-07-21,1:20,GVX,GXY
18,2019-09-26,11:20,HND,HXD
19,2019-08-04,3:07,TRO,END
20,2019-11-17,14:43,WKA,FLS
21,2019-06-30,14:04,VRO,CAG
22,2019-11-21,8:55,YYG,PIH
23,2019-11-12,13:05,AVB,ROR
24,2019-12-26,0:51,RDO,CUE
25,2019-11-28,12:32,TPS,BID
26,2019-03-21,15:15,PNY,BKS
27,2019-01-13,6:01,IPC,CUA
28,2019-01-14,2:20,KUN,PSO
29,2019-05-23,10:10,VDP,SXR
30,2019-02-14,13:59,BTK,UNN
31,2019-08-28,4:56,FRU,SCY
32,2019-10-01,10:32,LYX,COD
33,2019-11-22,7:02,LNO,GPT
34,2019-10-23,10:52,VRU,SDJ
35,2019-12-17,1:37,BQS,RKD
36,2019-07-11,8:10,IKL,LKG
37,2019-10-26,11:50,BXN,RIY
38,2019-09-26,12:10,CNP,PGK
39,2019-06-23,14:44,EBL,GUY
40,2019-11-21,1:02,MST,SNC
41,2019-06-25,9:05,TEM,MWF
42,2019-01-16,15:27,DWA,PDL
43,2019-12-01,8:08,WEH,FZO
44,2020-01-01,4:10,HLF,BJW
45,2019-06-03,13:22,GRW,OSR
46,2019-11-02,16:58,MFN,YMN
47,2019-07-06,16:00,NLD,BBJ
48,2019-06-11,15:47,YYH,BIS
49,2019-02-07,6:54,MGF,CAF
50,2019-11-26,11:57,BIF,NVI
51,2019-07-21,5:48,PPW,BIY
52,2020-01-07,10:18,NYA,PNR
53,2019-12-21,8:12,LUM,HLA
54,2019-10-21,14:32,SXK,GJR
55,2019-05-22,12:24,WMR,PQQ
56,2019-09-30,4:28,SZS,CKB
57,2019-03-24,13:30,UKK,ICC
58,2020-01-06,15:07,ELS,PMZ
59,2019-10-23,1:50,BYH,GMP
60,2019-12-05,14:45,GID,TRK
61,2019-05-19,4:02,FUE,DGT
62,2019-10-30,6:59,AMS,KTN
63,2019-09-07,9:48,XBE,PAV
64,2019-05-13,11:02,NDR,MON
65,2019-09-07,13:09,ORX,CRL
66,2019-01-25,10:30,BNA,PAQ
67,2019-07-09,11:54,OCN,YNO
68,2019-11-29,12:43,WIK,DRJ
69,2019-05-12,8:29,ERC,YOL
70,2019-11-21,2:22,STM,JNI
71,2019-10-10,6:18,CUM,AMC
72,2019-11-30,15:43,DUM,VRN
73,2019-04-16,13:13,AUC,CNM
74,2019-06-20,1:35,AOJ,TBT
75,2019-11-10,4:24,NRA,JKL
76,2019-01-29,14:16,PGX,EGN
77,2019-07-20,9:27,RGT,PYE
78,2019-01-24,10:02,KOO,QGQ
79,2019-02-25,12:29,PNQ,PEM
80,2019-06-29,6:40,XFW,NMS
81,2019-05-28,9:20,ORK,TOT
82,2019-08-28,6:36,EKN,CUN
83,2019-02-14,1:07,WAW,DUR
84,2019-01-20,5:28,RIA,PUJ
85,2019-06-10,4:30,OAZ,BMV
86,2019-02-02,6:46,HVA,LUA
87,2019-03-30,11:23,MBX,HEX
88,2019-06-18,6:03,MIV,UMS
89,2019-11-05,4:06,VVO,QNC
90,2019-02-26,12:17,LNS,ASP
91,2019-07-22,13:32,IKA,MQC
92,2019-11-23,2:25,LRM,VAS
93,2019-09-24,4:54,BIO,ABL
94,2019-07-31,15:34,BPN,XSC
95,2019-05-03,5:52,FMN,RAM
96,2019-08-28,8:29,ILU,YDN
97,2019-10-09,11:51,KHJ,BMT
98,2019-12-11,12:39,HDG,PLV
99,2019-06-14,8:11,HHP,FEG
100,2020-01-06,12:27,ALB,GEL
101,2019-06-09,12:02,APN,TBG
102,2019-11-19,7:47,MWX,CNQ
103,2019-08-10,5:36,MMG,NAV
104,2019-02-19,7:40,PIH,PNA
105,2019-04-29,6:47,KET,YZE
106,2019-05-03,8:40,UYN,BJB
107,2019-05-19,3:24,UZU,ABI
108,2019-05-22,2:25,LYE,MNS
109,2019-10-03,10:17,CJC,UVF
110,2019-07-26,4:29,RSU,ESG
111,2019-03-22,7:39,HUF,PAH
112,2019-09-13,1:19,CJB,YXH
113,2019-10-03,11:37,KKA,RET
114,2019-06-17,3:10,MCV,AGN
115,2019-07-01,14:25,BQK,ASW
116,2019-10-31,4:44,COG,EKT
117,2019-09-11,3:25,HUF,BEB
118,2019-04-21,15:30,URG,RRG
119,2019-09-16,1:14,SOB,IMK
120,2019-09-30,4:44,MKE,VBY
121,2019-08-16,1:14,LWB,OJC
122,2019-09-20,10:18,ADB,OLF
123,2019-08-22,15:45,TBO,AOL
124,2019-07-01,8:14,REA,AZN
125,2019-01-16,1:01,NRB,NCS
126,2019-09-27,7:06,LAM,VYS
127,2019-07-10,15:00,SBK,KUO
128,2019-03-08,3:16,SPU,DGO
129,2019-12-13,16:09,TTD,QLD
130,2019-08-26,5:30,LMM,GVR
131,2019-02-05,1:27,CXR,KMP
132,2019-01-25,12:02,MKY,KQA
133,2019-12-30,2:22,VDY,MWC
134,2019-04-16,3:08,SGI,RNN
135,2019-09-18,5:23,ETM,KXE
136,2019-04-30,2:29,TCL,MZB
137,2020-01-12,3:07,XXN,GWY
138,2019-11-30,4:39,AKH,LMO
139,2019-10-13,1:34,EEN,TEC
140,2019-10-04,6:39,SDP,HYD
141,2019-07-05,10:15,DDC,CXL
142,2019-10-13,9:42,PMY,VHZ
143,2019-05-10,5:01,YBC,PYE
144,2019-08-09,16:55,DCI,LVS
145,2019-12-12,5:58,LBS,JIU
146,2019-04-27,4:23,YAP,TRF
147,2019-09-02,8:06,RDR,SOG
148,2019-05-30,15:42,YMX,PPQ
149,2019-04-25,7:33,BUT,NVP
150,2019-06-07,2:02,JHW,KIX
151,2019-05-18,14:01,HHN,AJN
152,2019-08-27,8:37,JZH,ALS
153,2019-02-17,7:16,RQW,MWA
154,2019-03-12,8:51,SAA,AKP
155,2019-05-20,11:15,PCN,KDA
156,2019-11-10,4:06,AOC,APN
157,2019-06-30,13:31,KMU,YRV
158,2019-10-14,10:12,MNC,SXL
159,2019-10-31,15:20,SIN,FOK
160,2020-01-04,9:59,YEC,WJF
161,2019-04-13,11:10,NST,PMR
162,2019-11-14,16:46,LJG,VCP
163,2019-03-05,4:41,GCI,IXK
164,2019-02-19,12:32,BSX,YRL
165,2019-11-11,8:57,LUM,EML
166,2019-07-06,4:05,SJW,KEM
167,2019-05-03,16:52,SUV,HIJ
168,2019-01-13,3:46,MCG,LUG
169,2019-02-22,12:23,KLZ,EZE
170,2019-10-01,16:56,GRJ,SKG
171,2019-04-27,4:47,LSP,UIK
172,2020-01-09,9:02,AIS,HUO
173,2019-11-06,8:17,MXL,AWA
174,2019-03-11,8:39,IFJ,TBH
175,2020-01-11,3:03,AEI,RVN
176,2019-02-02,7:51,PUY,YYQ
177,2019-11-22,0:45,CXO,ODB
178,2019-08-15,4:51,XNA,DJE
179,2019-07-27,5:33,PUY,GUY
180,2019-07-03,4:57,YST,EGS
181,2019-12-07,9:09,OCM,EZE
182,2019-10-29,10:54,KSY,MTJ
183,2019-12-19,5:35,BLA,OYA
184,2019-08-15,14:46,CEK,ABA
185,2019-01-29,12:25,KSJ,SUR
186,2019-07-31,9:12,AMM,IRP
187,2020-01-05,8:01,YKU,MTP
188,2019-03-25,9:13,GZO,MLG
189,2019-05-17,12:03,ZKE,IGT
190,2019-05-17,1:52,NSO,KDT
191,2019-05-16,15:36,PMV,MGW
192,2019-10-11,4:59,SCN,WNN
193,2019-01-27,8:42,XQP,DGO
194,2019-03-16,12:39,VBY,WHP
195,2019-05-25,1:21,DIL,PVG
196,2020-01-01,4:01,ARB,DOH
197,2019-02-21,5:33,LLA,KSL
198,2019-01-20,14:38,GLH,KUK
199,2019-03-06,4:47,HGD,MOI
200,2019-05-23,14:36,HME,BMY
201,2019-07-04,11:09,AAL,ERL
202,2019-09-03,9:54,KSC,PIE
203,2019-11-01,7:57,NBC,OWD
204,2019-10-13,12:25,IPN,TEV
205,2019-08-23,16:02,PSM,PBZ
206,2019-04-20,13:33,OSU,HON
207,2019-09-01,9:35,HYN,NSH
208,2019-08-23,9:47,RJB,KHV
209,2019-04-22,15:55,LIN,MCO
210,2019-04-29,13:35,KTA,OYL
211,2019-02-10,7:06,HOD,RAQ
212,2019-10-29,8:32,MOU,GDT
213,2019-03-22,6:44,CNQ,BOX
214,2019-02-26,8:10,BJX,NPL
215,2019-03-19,0:43,HLF,EYK
216,2019-07-23,2:14,VRE,ODH
217,2019-09-15,7:48,MEI,ZRH
218,2019-12-03,15:05,JAP,YGX
219,2019-08-16,5:54,MEN,BLG
220,2019-02-21,15:15,YLY,REP
221,2019-02-12,16:50,BBA,EGH
222,2019-01-30,14:37,VIT,TAI
223,2019-05-09,11:04,JMJ,FIZ
224,2019-02-26,9:04,IMP,TSL
225,2019-03-10,1:29,KTI,QGU
226,2019-06-15,14:47,IIA,SVI
227,2019-12-21,6:23,CDT,SOV
228,2019-11-08,12:37,YXU,NUK
229,2019-09-09,3:34,NHT,DBD
230,2019-03-15,16:35,QLF,GYA
231,2019-07-11,9:21,YSM,NAU
232,2019-02-24,11:52,YEN,MBX
233,2019-06-03,12:48,PYH,UMR
234,2019-12-12,6:48,MPK,YGP
235,2019-05-06,16:05,RJN,SJZ
236,2019-11-22,16:22,VIT,VHY
237,2019-06-05,5:08,QSZ,LIL
238,2019-05-10,6:01,MKQ,GWT
239,2019-03-03,10:10,GVX,OZZ
240,2019-05-01,9:36,CNS,REL
241,2019-01-30,15:49,YXH,ISP
242,2019-12-28,11:19,AEB,NZH
243,2019-03-05,8:05,JDO,KMV
244,2019-11-18,7:46,SRJ,FOC
245,2019-02-04,13:30,SEM,AAR
246,2019-03-17,9:25,BTU,ANI
247,2019-05-04,3:55,CPH,DLG
248,2019-05-28,14:11,MLE,RBE
249,2019-03-29,9:04,VGO,NAV
250,2019-12-25,12:39,XTO,TYN
251,2019-03-11,2:37,DAU,WGA
252,2019-01-27,12:26,ABV,AZI
253,2019-02-20,15:05,DOK,ZND
254,2019-07-17,10:23,FNT,AKK
255,2019-01-13,6:05,HWN,TEI
256,2019-05-20,7:45,MWF,PDU
257,2019-03-08,15:15,OSR,YHI
258,2019-04-03,2:20,EFL,BJB
259,2020-01-11,1:33,TAH,YEK
260,2020-01-03,2:03,SBY,HCQ
261,2019-03-03,16:45,YRT,MZO
262,2019-05-08,15:35,JKR,LZC
263,2019-04-25,12:33,PAM,AKX
264,2019-04-11,0:35,PMF,BPM
265,2019-03-06,13:52,AET,LBA
266,2019-09-12,7:24,KOQ,UNN
267,2019-11-01,13:14,CTN,MER
268,2019-06-08,14:45,IIA,KLM
269,2019-08-18,11:52,PSM,AZO
270,2019-02-15,16:36,ANR,WFK
271,2019-09-16,10:50,KRH,AAX
272,2019-06-13,5:42,GON,RYK
273,2019-02-19,9:54,GKL,TIU
274,2019-05-03,6:25,DOV,BBA
275,2019-12-07,0:12,BUO,GAI
276,2019-09-26,11:53,YOJ,DHM
277,2019-07-26,13:51,TTR,VDY
278,2019-10-17,13:12,MIR,VST
279,2019-06-05,1:29,AMC,CET
280,2019-09-24,16:32,AEY,AAQ
281,2019-11-28,12:08,PPN,CKZ
282,2019-10-14,0:20,BUU,ADE
283,2019-07-01,13:38,SKK,JSK
284,2019-05-29,9:43,UAP,DPS
285,2019-08-15,5:54,ABA,NBG
286,2019-06-23,15:25,JYV,ZHI
287,2019-10-20,0:37,PAM,STE
288,2019-06-30,6:10,CMG,AFA
289,2019-05-28,16:09,JFR,YEC
290,2019-08-31,16:13,NLI,FLV
291,2019-09-12,3:38,EPR,ANF
292,2019-11-17,8:17,MRR,APG
293,2019-10-12,7:01,UPP,YZZ
294,2019-12-27,4:39,RVY,BUI
295,2019-08-03,4:26,ARK,CCH
296,2019-11-16,11:40,ENU,GID
297,2019-01-18,3:13,PSM,LBT
298,2019-12-08,5:25,YIH,LBS
299,2019-10-18,0:06,WJF,XJM
300,2019-04-11,15:23,CCJ,SAB
301,2019-03-19,2:24,VDP,NDG
302,2019-02-27,10:13,ENT,BFH
303,2019-07-27,9:58,YMM,DCU
304,2019-06-17,10:26,TIQ,CGI
305,2019-04-27,9:13,YFS,BJU
306,2019-03-18,8:50,GBK,PPI
307,2019-02-27,3:04,KEP,DNP
308,2019-09-04,3:50,CVC,INV
309,2019-05-27,4:00,BRI,UZR
310,2019-10-09,6:27,HRT,CLP
311,2020-01-03,15:19,SUN,WNR
312,2019-11-19,13:39,TSN,RAK
313,2019-07-16,15:41,PSE,KER
314,2019-08-01,14:43,OSU,OTP
315,2019-04-17,4:42,RCU,LAK
316,2019-09-20,13:00,MRZ,YNZ
317,2019-11-27,9:56,KHK,JAU
318,2019-11-23,10:07,WKR,LWB
319,2019-12-11,13:19,YDQ,RIA
320,2019-07-20,13:42,HKN,TUN
321,2019-01-25,5:15,SKH,BPN
322,2020-01-02,9:54,ONG,AER
323,2019-10-15,9:16,YNB,JQA
324,2019-11-18,11:14,FOK,ASS
325,2019-07-02,9:08,BHD,TCQ
326,2019-08-28,12:10,KMN,ENF
327,2019-04-01,15:13,DNA,VDH
328,2019-01-20,3:34,ULP,PDA
329,2019-06-08,1:30,TID,PUZ
330,2019-12-23,5:31,QRA,ODN
331,2019-12-30,8:23,FBA,SBY
332,2019-04-14,12:43,KHW,VEL
333,2019-01-20,13:20,SAW,BLR
334,2019-06-12,1:15,ESE,GMZ
335,2019-11-27,10:46,LRH,KIH
336,2019-10-24,4:26,TOO,JCK
337,2019-07-18,10:47,UET,SKO
338,2019-01-14,13:17,KAZ,YZH
339,2019-05-18,2:35,GAN,USR
340,2019-08-30,5:10,LMQ,KET
341,2019-08-03,5:33,LZC,UTS
342,2019-09-24,16:15,PYR,SDG
343,2019-09-27,2:23,ZER,BRT
344,2019-09-21,13:16,KUF,HLZ
345,2019-02-11,10:05,AQJ,BTK
346,2019-11-21,9:12,FRA,GVA
347,2019-10-18,10:47,TYS,TTQ
348,2019-03-20,3:47,MMB,NEC
349,2019-09-04,8:13,DLF,EML
350,2019-06-17,16:58,GMZ,DUE
351,2019-08-11,15:50,KMN,YCR
352,2019-02-01,3:37,BMC,DOD
353,2019-12-20,8:15,POE,QPG
354,2019-10-30,15:04,KKW,KMS
355,2019-12-19,6:00,CMX,KHV
356,2019-07-29,15:52,LGB,LHA
357,2019-10-07,1:31,CXR,BGI
358,2019-04-24,11:15,PTP,ZND
359,2019-07-30,7:44,AMV,BRI
360,2019-12-16,16:53,HTR,JSA
361,2019-04-20,4:31,SUY,MRY
362,2019-05-20,0:57,FNA,DGE
363,2019-06-05,8:28,IGU,MGA
364,2019-04-14,13:41,NSY,CDS
365,2019-08-10,2:02,AJA,HMR
366,2019-01-30,0:49,PUB,YYH
367,2019-11-28,5:58,YGL,MJZ
368,2019-05-03,13:25,UZR,UIP
369,2019-08-29,12:21,GVA,GOQ
370,2019-12-01,2:21,HLD,YVA
371,2019-07-03,12:30,HSS,KOW
372,2019-05-11,14:35,TRI,ZGR
373,2019-09-28,8:13,BMP,KRF
374,2019-04-01,7:37,ASE,BMP
375,2019-03-29,14:58,TGN,VHZ
376,2019-09-20,6:04,TCS,KGY
377,2019-03-12,13:08,DWA,FTX
378,2019-07-11,4:29,ITO,PUS
379,2019-11-05,9:43,GEV,MLZ
380,2019-06-04,13:04,YYD,DOY
381,2019-02-25,16:31,BBT,HDD
382,2019-03-22,1:16,FAJ,HAV
383,2019-03-15,4:12,VTE,PZU
384,2019-09-03,16:56,FAE,BUZ
385,2019-03-11,1:29,VKT,SDB
386,2019-02-01,9:49,ABZ,KTR
387,2019-05-11,15:41,JCB,MAU
388,2019-08-31,5:24,TJI,YST
389,2019-05-22,13:01,OJC,YXT
390,2019-06-20,3:48,SBT,ZLO
391,2019-10-13,15:40,RVT,RVD
392,2019-07-10,16:33,SXX,AJI
393,2019-10-22,0:11,SDG,YDP
394,2019-03-21,3:50,ZSA,JAU
395,2019-10-27,2:38,GCJ,YPS
396,2019-08-30,14:29,RFD,TNN
397,2019-06-21,4:57,LSL,LAU
398,2019-11-17,1:54,ANQ,HMY
399,2019-10-05,1:08,MQT,RFP
400,2019-07-25,7:41,ODO,HOQ
401,2019-10-12,13:10,BAQ,PIR
402,2019-02-17,0:52,ELQ,AFW
403,2019-07-01,11:09,WST,ZWL
404,2019-09-06,5:49,YWG,PGA
405,2019-10-21,1:07,DZN,BNP
406,2019-11-29,8:01,SHG,BHS
407,2019-05-03,11:26,BHK,GYE
408,2019-12-14,5:51,ENV,UDI
409,2020-01-06,2:22,LXS,YIW
410,2019-04-02,13:58,BJW,NJC
411,2019-06-05,5:21,NOC,ATH
412,2019-06-25,10:33,CRW,JQA
413,2019-08-30,0:33,PUJ,DNL
414,2019-04-08,10:25,LGH,SNS
415,2020-01-07,8:24,QSR,IDA
416,2019-09-30,8:16,ANK,XCZ
417,2019-12-07,5:49,QJB,YRB
418,2019-07-29,14:45,CAI,SMK
419,2019-11-02,16:31,YSL,YPN
420,2019-04-11,3:02,TRK,BEW
421,2019-12-27,4:07,VNX,QRY
422,2019-08-07,2:55,OHE,INT
423,2019-02-27,4:13,LJN,DYS
424,2019-12-30,8:48,KLU,ARY
425,2019-07-14,13:31,VLP,LKH
426,2019-11-01,0:07,VPZ,MXI
427,2019-12-12,4:08,STS,IRK
428,2019-05-31,15:41,CNM,MTR
429,2019-08-07,14:31,VTU,HOK
430,2019-09-10,5:33,TYM,YRS
431,2019-07-17,11:59,BKL,KHM
432,2019-09-20,2:53,CMI,DHA
433,2019-11-24,5:47,NYW,MUO
434,2019-08-03,10:36,OSM,THG
435,2019-02-13,12:23,MHR,WRE
436,2019-03-07,11:55,CEI,CNX
437,2019-05-15,11:13,AUG,DMK
438,2019-12-26,16:12,CKZ,PCQ
439,2020-01-05,3:27,KUV,KTA
440,2019-03-21,1:00,PLN,VGZ
441,2019-03-02,3:39,CFE,WHU
442,2019-07-17,16:58,HYR,GZO
443,2019-02-15,5:21,TMT,BCN
444,2019-07-24,6:35,YET,MVT
445,2019-09-28,14:30,NCE,BSX
446,2019-03-16,8:10,EYP,LLW
447,2019-06-02,4:06,SCQ,GVL
448,2019-04-25,2:00,YTZ,PKX
449,2019-12-14,4:47,ROS,KWM
450,2019-02-21,13:28,AEG,BFS
451,2019-04-05,1:25,DUB,GED
452,2019-04-17,3:12,FLA,RBY
453,2019-03-05,1:13,WKK,AGZ
454,2019-06-01,7:12,KWM,TCH
455,2019-04-28,6:40,QKX,MGL
456,2019-08-28,11:26,MWZ,YHI
457,2019-11-04,0:57,YUE,KZS
458,2019-10-01,14:06,GHF,RCS
459,2019-05-17,15:01,VTZ,KNO
460,2019-03-27,15:27,IXM,SDV
461,2019-01-24,0:50,ETB,SBR
462,2019-10-16,16:13,YBA,FCB
463,2019-02-09,13:38,VNT,LAF
464,2019-06-01,6:44,MSS,COE
465,2019-09-28,8:25,BNG,PSL
466,2019-06-18,0:15,GBT,PEG
467,2019-02-22,1:23,GOH,SGC
468,2019-11-28,16:43,MCO,BUO
469,2019-10-06,6:56,ISM,PUZ
470,2019-08-10,11:16,DHN,CGP
471,2019-06-17,1:15,PES,JAE
472,2019-06-28,14:10,MDS,LFB
473,2019-02-28,0:11,YBI,YQT
474,2019-06-15,3:04,YUY,MDW
475,2019-10-09,6:19,ISC,CMU
476,2019-12-29,2:56,CVS,SPU
477,2019-09-11,14:51,IOR,ZQW
478,2019-03-19,13:46,ASK,AAQ
479,2019-12-02,5:04,GRK,OBO
480,2019-07-12,8:44,MXV,SBS
481,2019-12-07,2:11,MEM,NBX
482,2019-01-28,13:30,BIS,OKC
483,2019-05-08,0:14,BAZ,ESE
484,2019-05-09,13:36,LWK,ABC
485,2019-05-06,9:45,WEH,ASW
486,2019-03-15,7:39,VVI,ULK
487,2019-10-29,14:25,YVQ,FKQ
488,2019-06-09,9:44,MUZ,QGU
489,2019-04-22,1:02,TLX,ZPH
490,2019-08-29,6:10,SCL,RMY
491,2019-01-15,6:17,TLQ,PNZ
492,2019-06-01,15:42,KGT,POF
493,2019-03-14,11:50,YHR,SYA
494,2019-09-10,9:31,NRK,MOJ
495,2019-02-26,10:55,MEC,CJL
496,2019-07-15,5:51,MCN,YTY
497,2019-06-13,5:04,TTN,LFT
498,2019-04-01,9:36,NDY,NQU
499,2019-12-04,5:04,TKF,YQZ
500,2019-07-26,6:13,OZC,CLY
501,2019-01-15,9:52,KAZ,ADD
502,2019-03-06,10:04,HUH,KSK
503,2019-08-25,8:43,NCJ,BUL
504,2020-01-01,4:55,LPQ,BFD
505,2019-03-03,0:53,TKD,TEZ
506,2019-09-14,13:57,YER,GOP
507,2019-12-11,1:37,UBJ,YEK
508,2019-01-22,2:47,JFK,MAB
509,2019-01-22,0:03,PCN,MMU
510,2019-08-28,7:22,BYI,KMS
511,2019-07-02,13:07,JAU,THQ
512,2019-10-23,6:31,SGD,BUX
513,2019-06-15,14:49,DSM,MHG
514,2019-03-07,12:28,XKH,OVA
515,2019-03-08,4:02,WMX,TSU
516,2019-12-13,9:04,HYR,RSW
517,2019-07-05,7:27,KZF,VUP
518,2019-03-27,1:09,YBK,BEN
519,2019-10-03,10:37,UIP,MLU
520,2019-04-11,7:57,SOJ,CIW
521,2019-07-08,8:00,PKT,CLP
522,2019-11-10,15:11,YMW,BCU
523,2019-04-29,4:44,BKQ,TUL
524,2019-10-23,11:54,TLK,CND
525,2019-05-21,0:41,STM,BZI
526,2019-01-29,14:18,UTW,SCT
527,2019-04-22,15:49,KOC,LET
528,2019-02-12,15:18,HID,CEU
529,2019-09-09,3:41,NUK,FMI
530,2019-08-27,10:02,AKW,SHL
531,2019-04-20,7:54,CUH,ZFN
532,2019-11-22,6:10,CDV,TDJ
533,2019-08-10,14:24,HOH,SGI
534,2019-10-25,7:31,TLJ,RVY
535,2019-02-20,13:12,BEJ,CIU
536,2019-08-11,10:41,HAK,KUO
537,2019-12-10,7:34,BWG,MAX
538,2019-01-21,15:46,YXN,CGM
539,2020-01-05,10:24,PVK,GUC
540,2019-11-04,12:30,TIR,RMA
541,2019-03-15,16:09,NXX,DUT
542,2019-05-26,11:07,RJL,VXE
543,2019-06-26,15:25,MCF,VOH
544,2020-01-03,13:53,FUN,LAF
545,2019-11-15,13:10,GRX,BTV
546,2019-05-07,9:22,MHP,PCS
547,2019-08-14,6:22,XMH,BIX
548,2019-11-03,3:00,ESD,MDW
549,2019-08-16,6:34,PFJ,EJA
550,2019-12-15,1:16,ZVK,AAE
551,2019-12-28,15:44,JCR,AGJ
552,2019-06-12,3:48,ABB,JUV
553,2019-03-02,8:16,ASP,KJI
554,2019-12-10,6:22,ITA,HUT
555,2019-09-02,6:18,YMW,AIN
556,2019-10-21,11:16,GLD,YXX
557,2019-02-13,8:24,VUP,CUN
558,2019-06-08,7:04,VLD,LEL
559,2019-01-20,3:41,JSH,TTI
560,2019-05-13,2:03,ASB,YFR
561,2019-04-05,16:33,FRL,GZA
562,2019-09-03,16:17,URA,CSZ
563,2019-07-30,14:32,SMN,MSW
564,2019-10-28,6:48,DES,AUS
565,2019-06-03,3:59,BLG,ANB
566,2019-05-17,5:52,NSK,YCO
567,2019-08-27,11:35,PEN,IRI
568,2019-04-20,6:58,YEK,HHQ
569,2019-08-17,15:46,IXB,WHF
570,2019-03-24,11:26,MVB,AET
571,2019-08-14,1:40,ULK,ATH
572,2019-03-26,8:46,TCP,AUX
573,2019-05-08,3:51,XIC,CMA
574,2019-04-09,14:36,TNR,PKR
575,2019-06-07,2:28,REP,XQC
576,2019-02-01,0:45,VIJ,LIG
577,2019-12-07,11:38,SOJ,GPL
578,2019-07-09,14:48,MHA,PSA
579,2020-01-04,16:45,PEK,ADY
580,2019-05-21,5:41,JPA,KXE
581,2019-03-11,8:55,OVB,CEN
582,2019-05-27,11:37,MQF,AOR
583,2019-03-29,12:49,USA,YWM
584,2019-10-18,3:00,QSF,CTN
585,2019-12-02,10:30,BMK,MEL
586,2019-12-08,16:18,HOR,TUD
587,2019-11-26,14:58,NIU,TMP
588,2019-03-05,3:31,OGN,LNB
589,2019-04-19,6:02,BCD,KPN
590,2019-11-11,9:15,GOQ,CAY
591,2019-02-24,14:30,GLK,WVN
592,2019-12-16,1:15,RUA,PAP
593,2019-04-27,9:04,GLD,KQT
594,2019-05-17,9:23,LAD,NOD
595,2019-03-18,6:05,CMG,SPM
596,2019-09-23,10:37,ALJ,SGN
597,2019-04-10,8:09,IJK,LBQ
598,2019-10-24,15:38,GTE,BUZ
599,2019-01-30,12:35,NBE,GCH
600,2019-10-01,10:28,MWF,GAE
601,2019-03-01,16:31,KXK,AFZ
602,2019-01-23,11:48,PAH,URO
603,2019-04-27,11:59,DKS,LBL
604,2019-04-15,1:07,AGH,SBZ
605,2019-06-01,6:37,PRQ,MBE
606,2019-10-19,9:56,CBV,YZV
607,2019-12-16,10:56,BKH,CYP
608,2019-03-11,1:22,SEN,SBW
609,2019-10-20,4:16,DPL,JAP
610,2019-03-22,12:09,MWK,BAG
611,2019-02-18,16:35,NAT,MVT
612,2019-02-16,5:46,LFT,NLH
613,2019-04-02,16:28,GOZ,VLG
614,2019-07-25,10:02,LRT,BLE
615,2019-06-10,4:21,TOL,TJQ
616,2019-06-23,16:41,BFP,HUF
617,2019-06-10,5:58,JOS,MTZ
618,2019-04-12,9:50,IRG,HDI
619,2019-10-08,15:06,ORP,YSK
620,2019-03-08,7:19,SUP,ANS
621,2019-12-27,1:45,SSH,VAA
622,2019-01-22,8:44,DJB,USU
623,2019-03-01,2:41,YLL,JRB
624,2019-07-19,7:46,MKE,ESL
625,2019-10-24,1:48,TJS,FNB
626,2019-12-27,15:59,NME,OKK
627,2019-03-13,9:45,BLR,BLA
628,2019-08-07,9:25,OVD,HXD
629,2019-07-03,12:27,FAY,SVN
630,2019-10-10,8:49,SHL,KRS
631,2019-10-28,6:05,RKO,EUA
632,2019-07-14,3:35,OTZ,FKI
633,2019-10-27,15:46,TIE,AGV
634,2019-08-11,16:47,ORL,FON
635,2019-06-04,2:20,EWB,PTH
636,2019-03-03,8:18,DEZ,NKM
637,2019-05-13,8:39,CMW,AGX
638,2019-01-25,4:57,IMK,BED
639,2019-09-18,13:02,AVL,SMS
640,2019-06-10,7:21,PIZ,VAA
641,2019-02-18,7:58,ZWA,FRB
642,2019-12-14,12:17,BYI,CGM
643,2019-08-05,4:51,IMP,YVP
644,2019-10-05,9:59,APF,DAR
645,2019-12-14,12:30,AAH,CRL
646,2019-07-19,3:39,MKR,STA
647,2019-02-18,15:25,UAK,ESB
648,2019-02-07,5:13,ARI,DBN
649,2019-11-23,13:26,HHR,HSV
650,2019-02-15,3:11,CXA,SPR
651,2019-12-24,13:34,IXM,HHI
652,2019-12-01,11:07,TIQ,SCS
653,2019-04-11,15:54,ZWA,VOG
654,2019-05-06,3:39,KIS,AYS
655,2019-06-22,11:45,UJE,MLO
656,2019-05-16,15:50,KVR,SMQ
657,2019-10-29,4:33,SWU,QHR
658,2019-09-28,15:00,UAI,MBZ
659,2019-06-02,4:08,AVW,GOZ
660,2019-09-12,7:16,GLZ,IKK
661,2019-12-19,6:26,TIQ,LKZ
662,2019-12-12,1:34,XAU,YQC
663,2020-01-05,9:22,OMB,CUL
664,2019-12-11,14:23,BFW,RNN
665,2019-11-27,1:28,DNV,CPH
666,2019-05-19,4:45,ACC,KUV
667,2019-09-03,13:57,ALL,AFW
668,2019-03-12,12:43,GRY,KZC
669,2019-10-05,2:50,YCU,SPC
670,2019-09-10,15:17,LEC,AMH
671,2019-08-21,10:08,KIR,EUQ
672,2019-05-23,5:02,YVR,XIL
673,2019-09-22,3:25,YDA,LFI
674,2019-11-15,0:52,YJP,LIH
675,2019-08-14,7:09,ZIX,DLY
676,2019-12-18,5:09,UAM,VCD
677,2019-02-25,1:21,MWK,DBD
678,2019-03-31,0:59,CES,HPA
679,2019-02-16,10:50,MTG,YVP
680,2019-08-18,4:26,IMF,ZFA
681,2019-07-17,13:21,MXS,ULU
682,2019-12-09,1:37,MMT,YSE
683,2019-01-28,5:30,DLY,LAP
684,2019-04-25,8:25,AMM,LPG
685,2019-04-30,13:35,KDT,GOP
686,2019-11-29,3:56,ADS,ROA
687,2019-03-02,2:08,CAC,CDG
688,2020-01-07,5:21,RAL,TOW
689,2019-10-19,6:33,CUZ,CPR
690,2019-05-04,3:46,YYC,VIR
691,2019-05-19,5:56,HTN,MHX
692,2019-06-30,11:27,FLD,WBG
693,2019-07-25,1:31,NYM,ISA
694,2019-12-15,9:34,LYE,USN
695,2019-03-10,4:03,FSI,LFI
696,2019-04-27,11:38,LHA,XSI
697,2019-12-21,13:33,YZU,SDF
698,2019-06-06,3:34,OAM,IFH
699,2019-04-13,0:29,FYN,SVZ
700,2019-02-11,12:40,BEF,CRZ
701,2019-08-24,0:38,KSH,MWE
702,2019-11-21,4:55,APO,YZH
703,2019-07-14,12:03,SMT,SZG
704,2019-02-22,8:08,AAL,MQP
705,2019-05-22,15:34,GSJ,GMU
706,2019-09-08,2:10,AOC,HKN
707,2019-03-21,6:57,OKK,LAA
708,2019-04-23,8:04,JAX,AET
709,2019-10-04,1:45,WIR,TEE
710,2019-11-25,5:25,WRB,YFX
711,2019-12-22,12:09,ULP,KBV
712,2019-06-03,7:00,NAO,LMQ
713,2019-01-29,13:22,RET,SKZ
714,2019-03-15,15:47,MAF,UET
715,2019-10-22,7:41,KKJ,NIT
716,2019-08-09,0:13,GOM,RSH
717,2019-08-24,9:24,GOB,LAQ
718,2019-01-23,12:48,BHS,LBL
719,2019-07-04,16:00,CCV,ETM
720,2019-12-18,16:15,THR,UKG
721,2019-06-02,1:05,EPL,PUZ
722,2019-01-23,16:24,DRN,HWO
723,2019-03-16,4:13,CWL,EWR
724,2019-11-23,16:46,TGJ,KMW
725,2019-01-23,4:12,JSK,TIA
726,2019-02-01,9:06,YND,HHP
727,2019-11-02,8:03,KKN,ERZ
728,2019-06-24,8:58,YSD,POI
729,2019-02-09,13:04,PTB,TPS
730,2019-06-09,11:05,NIO,HVD
731,2019-05-31,16:29,EGN,GAM
732,2019-11-22,1:25,DLH,LBV
733,2019-03-19,2:41,GOV,NLA
734,2019-08-03,9:16,PWM,NDU
735,2019-09-12,6:19,GIS,PNR
736,2019-01-29,4:05,WKF,ILU
737,2019-03-18,9:14,XNA,NOB
738,2019-04-07,13:40,YMW,PUS
739,2019-06-22,9:58,EBU,CSO
740,2019-08-16,0:05,APK,TUL
741,2019-01-30,11:29,TGR,DOK
742,2019-03-03,13:23,GIS,CLU
743,2019-10-22,8:17,CTB,VER
744,2019-09-07,16:12,NHZ,LRF
745,2019-08-14,15:58,NHZ,RER
746,2019-01-30,1:13,YOC,PBO
747,2019-12-09,1:27,TOY,JHM
748,2019-02-11,16:35,OMB,BHK
749,2019-06-30,12:48,JSU,WUA
750,2019-06-04,10:50,BTK,WRB
751,2019-08-22,10:10,HAK,LYE
752,2019-12-23,14:40,PUT,RRS
753,2019-06-09,2:24,HOI,SFS
754,2019-09-14,3:48,SAW,ROR
755,2019-04-29,5:38,JGN,CER
756,2019-11-03,14:39,EPR,HIO
757,2019-08-01,7:08,KEM,LGP
758,2019-06-27,1:59,LIM,TOY
759,2019-06-11,11:52,LGS,CNC
760,2019-04-12,10:32,CJC,ZCO
761,2019-11-23,6:41,ATG,MNM
762,2019-10-16,1:15,ELI,KMC
763,2019-12-12,12:13,VVZ,HGN
764,2019-11-07,3:27,TAI,FNJ
765,2019-09-16,2:40,HAC,UCB
766,2019-03-02,9:32,ZMM,PHL
767,2019-04-16,16:30,TAY,SUI
768,2019-06-08,12:10,JAU,UET
769,2019-06-09,1:40,KET,YCS
770,2019-02-27,1:07,XJD,COZ
771,2019-06-22,15:09,YNJ,ZAZ
772,2019-01-16,15:32,VOH,DTE
773,2019-01-17,15:57,YUL,RUV
774,2020-01-01,3:54,KAI,BYP
775,2019-07-23,14:34,YMJ,DES
776,2019-11-16,13:05,OGX,OCF
777,2020-01-01,4:57,LAA,RJA
778,2019-04-30,15:24,TCN,MUA
779,2019-12-17,4:33,RJH,JDG
780,2019-06-09,3:46,PXR,GND
781,2019-10-30,0:57,TVI,UCK
782,2019-12-31,7:36,HOH,ISJ
783,2019-07-14,9:20,MCU,AKS
784,2019-05-30,5:18,KGL,BGG
785,2019-03-12,16:42,PAP,RGK
786,2019-11-12,10:10,KHW,CMU
787,2019-04-17,1:50,GUH,VPZ
788,2019-10-25,4:03,DYL,YMH
789,2019-11-10,4:16,AKR,CED
790,2019-02-14,10:18,YCD,PAE
791,2019-09-04,5:23,MWK,LAM
792,2019-12-22,4:12,KHW,AZN
793,2019-08-30,14:11,UKT,ABX
794,2019-02-26,4:46,YGQ,HPH
795,2019-02-28,15:51,ORD,IGD
796,2019-02-10,0:18,YBS,NDR
797,2019-01-31,10:59,YUT,NPL
798,2019-10-06,1:55,HMV,SEU
799,2019-10-27,12:10,DBA,LTX
800,2019-03-13,11:38,TXN,ZHA
801,2019-09-22,10:02,XXN,CHS
802,2019-04-16,2:37,MEI,EUG
803,2019-07-29,3:44,LSZ,LGW
804,2019-12-01,5:23,PAS,IXH
805,2019-12-11,9:18,WUU,ZEC
806,2019-07-18,5:52,CCL,PAE
807,2019-05-01,10:54,BGN,WIO
808,2019-02-28,9:22,SJL,PHB
809,2019-08-07,1:47,CMN,SBY
810,2019-08-28,0:18,GKK,AKJ
811,2019-01-16,16:35,KNX,YGL
812,2019-05-19,11:41,DVO,MME
813,2019-11-22,15:18,JUA,HKT
814,2019-02-07,12:38,BNB,CKZ
815,2019-03-19,3:03,ICN,ZJG
816,2019-04-08,0:27,CUE,MSW
817,2019-07-10,13:26,HUS,DCF
818,2019-11-09,2:46,RAL,BOY
819,2019-05-04,16:01,CGZ,ORG
820,2019-07-29,3:28,JOE,BWX
821,2019-04-20,0:33,NYE,BOD
822,2019-03-21,15:34,IAS,CCZ
823,2019-01-25,14:10,BNC,HVR
824,2019-07-02,11:23,MBZ,DUT
825,2019-04-13,15:43,PJG,MWK
826,2019-05-25,9:49,FPR,SLQ
827,2019-06-27,11:06,ARD,PTG
828,2019-12-26,6:38,CYF,ROA
829,2019-08-11,8:14,MSU,GOI
830,2019-10-11,12:11,PTJ,PIL
831,2019-06-26,8:50,BFM,BOH
832,2019-02-27,14:01,YVT,KTG
833,2019-08-27,8:57,DUM,YHE
834,2019-10-01,16:46,UKG,MLG
835,2020-01-04,4:13,SGV,DAB
836,2019-05-05,13:05,OYK,ZJN
837,2019-11-11,6:04,FRY,LBX
838,2019-05-19,14:10,KZI,YEN
839,2019-03-20,9:47,KRR,ULZ
840,2019-12-25,10:26,LOH,CUD
841,2019-08-27,9:20,BUP,UGA
842,2019-12-28,14:28,YQX,CYI
843,2019-10-19,10:39,ANU,ZPC
844,2019-01-21,4:26,XGR,YWK
845,2020-01-12,10:40,CGI,BKI
846,2019-09-22,10:46,TMX,DWH
847,2019-11-19,5:13,GIS,SMO
848,2019-12-05,4:48,EUG,MEY
849,2019-11-01,11:16,PAG,SEK
850,2019-11-18,10:14,SOB,ESS
851,2019-07-21,6:42,LRH,KRQ
852,2019-11-16,8:38,ABH,XIQ
853,2019-03-03,15:42,FFT,CCP
854,2019-12-20,2:50,EAE,UOX
855,2019-08-06,3:14,MZM,LHV
856,2019-02-28,7:32,GUA,THU
857,2019-04-05,8:04,BFE,KSF
858,2019-10-22,11:34,WNN,PFO
859,2019-11-08,12:12,SUS,MDE
860,2019-06-21,0:21,MAB,ILU
861,2019-03-09,10:25,PAC,LUR
862,2019-02-01,10:20,YMA,TYF
863,2019-01-13,15:01,GOP,DUD
864,2019-02-13,8:51,YDQ,ULA
865,2019-04-03,4:19,FCB,ETS
866,2019-03-20,1:16,LPG,BZL
867,2019-02-09,7:14,NGZ,ZIN
868,2019-01-29,8:49,YEV,YLK
869,2020-01-05,1:37,KNX,LGH
870,2019-05-27,0:55,CYR,ARN
871,2019-07-10,10:47,ONP,OMR
872,2019-05-25,3:50,TIE,NNA
873,2019-02-26,1:52,DLY,KMI
874,2019-11-27,14:27,CMK,GWE
875,2019-12-22,15:58,KGK,MJC
876,2019-09-25,11:05,WTZ,RDP
877,2019-01-27,9:22,REP,CMG
878,2019-07-06,1:39,ETB,RVN
879,2019-01-26,9:34,PEW,PMK
880,2019-05-04,6:11,PAD,MYZ
881,2019-09-23,14:00,YGB,OSL
882,2020-01-04,16:25,LTX,JUL
883,2019-04-22,13:00,ZLT,AFA
884,2019-11-26,6:34,LUG,FKB
885,2019-02-28,15:14,YDL,HDI
886,2019-05-12,1:19,MUX,YCY
887,2019-08-21,1:50,BEF,OKR
888,2019-03-22,16:56,NGQ,ZLT
889,2019-06-26,2:49,SNO,JGA
890,2019-06-29,14:15,JDG,PHK
891,2019-04-14,2:46,GNA,COC
892,2019-10-20,16:13,IRC,RYB
893,2019-04-28,9:33,LHK,MEA
894,2020-01-07,9:18,SQO,TMW
895,2019-06-05,8:15,HMN,TVI
896,2019-05-15,16:08,NOZ,HIJ
897,2019-02-05,0:44,NUK,DUJ
898,2019-11-02,5:57,SPN,GJT
899,2019-06-26,5:56,TCN,PGX
900,2019-05-04,13:24,BSC,IMP
901,2019-05-12,11:08,NVA,LUK
902,2019-01-29,12:42,BXO,UME
903,2019-10-10,4:12,KSL,NAS
904,2019-12-22,13:40,RFD,CVE
905,2019-11-01,8:20,XCH,NKG
906,2019-08-24,7:19,DAM,GOV
907,2019-07-09,0:14,ADF,YFS
908,2019-04-12,12:14,TDX,UAK
909,2019-08-28,13:09,MOB,KEW
910,2019-02-18,15:21,ULP,PTK
911,2019-04-29,10:55,CUA,YPQ
912,2019-10-08,3:59,SQO,AAC
913,2019-08-30,1:13,CDA,UZU
914,2019-01-13,12:17,BVH,ZCL
915,2019-04-25,10:21,BZH,THQ
916,2019-01-26,5:39,CUB,BWG
917,2019-03-17,10:32,WDS,BUS
918,2019-10-06,12:04,OYK,YNS
919,2019-12-05,0:47,MVS,DUB
920,2019-08-10,5:33,MAK,FHU
921,2019-02-17,14:16,MTS,LBX
922,2019-10-27,3:18,EAU,WEI
923,2019-03-29,0:18,HUU,TTG
924,2019-02-19,14:19,SVP,BGE
925,2019-09-19,16:42,NTN,TND
926,2019-01-30,5:22,BGF,TYN
927,2019-01-22,15:04,SFJ,KWK
928,2019-04-13,15:38,HNM,AWZ
929,2019-09-08,16:56,IXC,JBQ
930,2019-03-18,6:13,KEL,GWT
931,2019-08-20,5:37,CUQ,QJI
932,2019-10-05,12:57,ZAR,KYP
933,2019-06-07,5:35,MRD,IXE
934,2019-02-06,15:48,MEN,EVX
935,2019-03-05,10:08,ANX,LMO
936,2019-05-05,11:05,AVL,DZN
937,2019-09-29,8:43,NIM,BZV
938,2019-11-29,6:27,SOZ,ZSA
939,2019-05-30,7:43,AUA,YCB
940,2019-08-15,10:32,HEX,NRE
941,2019-09-20,7:55,BPE,YLC
942,2019-01-27,3:52,ABA,ZMG
943,2019-06-29,15:50,CCX,LDM
944,2019-12-03,0:25,HAD,OKE
945,2019-12-11,11:09,YFE,DNK
946,2019-12-15,4:07,TAM,ANB
947,2019-06-19,16:45,LYP,FAH
948,2019-12-11,11:45,IRB,QEF
949,2019-06-19,11:21,ERN,JDH
950,2019-05-03,5:30,BZD,VAS
951,2020-01-09,12:17,AEO,GJA
952,2019-10-04,16:03,HAR,MKQ
953,2019-11-08,10:02,JEF,NOJ
954,2020-01-07,10:28,LLY,HFN
955,2019-12-29,10:26,KHT,TAO
956,2019-07-17,2:08,ZZU,MBJ
957,2019-06-07,10:55,KNH,SPP
958,2019-07-12,6:30,PAE,BEN
959,2019-05-23,2:34,SVB,MEG
960,2019-05-31,3:28,DNL,ITO
961,2019-02-27,10:30,BBQ,VAO
962,2019-04-18,7:18,KLO,YTH
963,2019-03-22,9:19,FGU,PVG
964,2020-01-05,4:42,EPR,PXM
965,2019-11-25,15:16,CKZ,TGN
966,2019-12-02,1:24,ARD,LJG
967,2019-11-20,0:54,KOK,AGB
968,2019-02-06,15:55,DYG,MKR
969,2019-08-28,8:47,WDR,MJK
970,2019-08-10,7:19,KTU,KUG
971,2019-06-29,6:10,NQI,IXK
972,2019-12-19,5:47,GTE,GRY
973,2019-04-11,15:18,GEL,PGU
974,2019-12-27,10:29,PIM,MEA
975,2019-01-13,11:14,VTU,BSR
976,2019-07-21,11:33,CBJ,CHC
977,2019-09-06,12:33,BYS,BTM
978,2019-02-23,0:33,WUX,OYA
979,2020-01-01,1:46,XJM,NWA
980,2019-04-13,13:25,XIC,SAQ
981,2019-09-11,5:37,TNR,AYK
982,2019-03-17,0:45,TEQ,TWB
983,2019-08-12,4:39,NIS,CWB
984,2019-03-28,11:40,MZL,DLI
985,2019-04-24,13:12,PBJ,YPX
986,2019-03-27,12:46,FCB,YMO
987,2019-08-19,12:52,QLS,TDS
988,2019-05-12,8:24,BPH,RBD
989,2019-06-26,12:33,CGI,JAD
990,2020-01-08,7:10,SLD,FNL
991,2019-01-28,15:53,MBT,YXS
992,2019-11-21,6:43,KAB,KMG
993,2019-01-24,10:25,HUY,NQN
994,2019-12-29,5:20,XPL,RHI
995,2019-10-01,5:09,QHR,CVE
996,2019-09-10,0:49,YLC,GLD
997,2019-10-12,15:45,ALO,PKZ
998,2019-10-09,6:32,SHB,ZMM
999,2019-05-18,4:18,YTQ,LBE
1000,2019-11-25,8:22,MZL,BHW
